"invoice_id","supplier_name","category","invoice_date","status","amount_usd","comment"
"INV-878187"," Nova-Packaging ","Cloud"," 2024-01-02"," On Hold "," USD 2,281.45 "," vendor submitted via portal; cost center 102"
"INV-878187","Novapackaging"," Cloud"," 2024-01-02","On Hold ","USD 2,281.45"," duplicate submit; consolidate in close process"
"INV-552808","Zenith Component","Hardware","2024-01-24","Approved","$9,667.66","requires VAT documentation; cost center 109 "
"INV-525882","ZenithComponents"," Facility","2024-03-02"," Approved ","USD 8, 140.00"," price variance escalated; cost center 101"
"INV-204119"," Lumen Analytix "," Professional Services "," 2024-07-31 "," Approved "," $4,696.86","pending shipping confirmation; cost center 110"
"INV-569871","Vertex Logistics ","Software "," 2024-03-20","Rejected ","$5,520.62"," match to PO required; cost center 106 "
"INV-159281","Astra suppl. "," Facility ","2024-02-15"," On Hold ","USD 6, 700.73","three-way match complete; cost center 104 "
"INV-630779"," Nova-Packaging ","Facility","2024-02-26"," Approved","USD 8, 363.01 ","vendor submitted via portal; cost center 106 "
"INV-653465","Zenith-Components"," Logistics","2024-03-31 ","Approved"," $792.84"," requires VAT documentation; cost center 117"
"INV-524714"," Nova Packg. "," Facility ","2024-07-28 "," Approved ","USD 9, 767.90"," vendor submitted via portal; cost center 108 "
"INV-932279"," Vertex-Logistics","Facility"," 2024-05-16 "," Approved","USD 7, 128.28"," vendor submitted via portal; cost center 106 "
"INV-580906","Astra-Supplies"," Professional Services "," 2024-09-23"," Approved "," USD 8, 958.82 "," match to PO required; cost center 101 "
"INV-275392","Nova-Packaging"," Hardware","2024-06-20 "," Approved"," USD 1,284.91 ","requires VAT documentation; cost center 102 "
"INV-275392"," Nova-Packaging ","Hardware "," 2024-06-20 "," Approved","USD 1,284.91 ","duplicate submit; consolidate in close process "
"INV-234419","LumenAnalytics","Hardware","2024-08-15 ","On Hold "," USD 9, 810.76 "," vendor submitted via portal; cost center 113 "
"INV-439844","Lumen Analytix","Cloud","2024-02-27","Approved","USD 5,466.25 ","price variance escalated; cost center 117"
"INV-935347"," Helios Robotics","Professional Services "," 2024-04-02","Approved ","USD 3, 635.29 "," requires VAT documentation; cost center 104 "
"INV-678071","Lumen-Analytics","Hardware ","2024-03-30 ","On Hold","USD 9, 125.56 "," price variance escalated; cost center 107 "
"INV-264189","Nova Packaging "," Software","2024-06-30 ","On Hold "," USD 3, 096.90"," price variance escalated; cost center 110 "
"INV-341977"," Astra Spp "," Professional Services "," 2024-03-27","Approved "," $9,483.36"," price variance escalated; cost center 116 "
"INV-639102"," Nova Packaging "," Facility","2024-05-12","Approved","USD 8,180.91"," vendor submitted via portal; cost center 118 "
"INV-671563"," Astra Supplies"," Hardware "," 2024-06-23 ","On Hold","$2,189.30","price variance escalated; cost center 103"
"INV-453063"," Astra Supplies ","Professional Services "," 2024-02-10 ","Approved"," $5,660.38 "," vendor submitted via portal; cost center 100 "
"INV-565965","Vtx Logistics","Hardware"," 2024-09-09","Approved ","USD 4,434.88"," price variance escalated; cost center 105"
"INV-157024"," Vertex-Logistics "," Professional Services"," 2024-06-08 ","On Hold","$2,202.28 ","match to PO required; cost center 116 "
"INV-134327","Astra Spp"," Professional Services"," 2024-05-27","Pending"," $2,306.93","three-way match complete; cost center 105"
"INV-186162","Vertex Logistics ","Facility "," 2024-08-28 ","Approved"," $4,391.65 ","price variance escalated; cost center 100"
"INV-186162","Vertex Logistics ","Facility "," 2024-08-28 ","Approved ","$4,391.65 "," duplicate submit; consolidate in close process "
"INV-642468","Novapackaging"," Hardware ","2024-06-02 ","Approved ","$3,392.33","match to PO required; cost center 112 "
"INV-980269","Vtx Logistics","Software"," 2024-09-16 "," Approved ","$8,741.65"," price variance escalated; cost center 109 "
"INV-980269"," Vertex Logistics","Software"," 2024-09-16"," Approved"," $8,741.65","duplicate submit; consolidate in close process"
"INV-187676","Vtx Logistics "," Hardware","2024-08-27"," Pending "," $4,355.31 ","match to PO required; cost center 110 "
"INV-368285"," Zenith Comp. ","Logistics","2024-03-23"," Approved "," USD 7,710.43 "," vendor submitted via portal; cost center 102"
"INV-706081"," LumenAnalytics ","Professional Services "," 2024-02-06 "," Pending "," USD 7,283.63"," price variance escalated; cost center 101 "
"INV-414777"," LumenAnalytic "," Software "," 2024-03-08 ","Rejected","USD 6, 532.59 ","requires VAT documentation; cost center 110"
"INV-853909"," Nova Packaging "," Software","2024-07-16"," Pending "," USD 8, 900.30","requires VAT documentation; cost center 118"
"INV-753746","Astra Spp ","Professional Services"," 2024-07-16","Approved"," $4,196.40"," requires VAT documentation; cost center 113"
"INV-945600","Vertex-Logistics","Hardware"," 2024-05-26","Approved ","USD 3,412.37","vendor submitted via portal; cost center 100 "
"INV-945600","VertexLogistics "," Hardware ","2024-05-26"," Approved "," USD 3,412.37 ","duplicate submit; consolidate in close process "
"INV-586604"," HeliosRobotics","Facility"," 2024-06-03 "," Approved ","USD 5,179.87 "," price variance escalated; cost center 105 "
"INV-703883"," VertexLogistics ","Professional Services "," 2024-02-10"," Rejected ","USD 5, 085.48","vendor submitted via portal; cost center 112"
"INV-599455"," Lumen Analytics ","Professional Services "," 2024-08-17 ","Rejected ","USD 2,623.08 "," requires VAT documentation; cost center 118 "
"INV-985219","NovaPack ","Logistics","2024-06-13 ","Pending","USD 5, 522.96 "," vendor submitted via portal; cost center 107 "
"INV-386210","Helios-Robotics","Facility "," 2024-01-27","Approved","$6,183.55","pending shipping confirmation; cost center 109 "
"INV-386210"," Helios Robotix ","Facility"," 2024-01-27 ","Approved ","$6,183.55 ","duplicate submit; consolidate in close process "
"INV-529871"," LumenAnalytics "," Logistics ","2024-02-23 ","Approved "," USD 6, 647.96"," pending shipping confirmation; cost center 106 "
"INV-290446","Vertex Log."," Facility","2024-05-29 ","Approved "," $5,135.20","price variance escalated; cost center 109"
"INV-338558","ZenithComponents "," Cloud","2024-03-05","Rejected"," USD 8,869.15","pending shipping confirmation; cost center 104"
"INV-338558","Zenith Components "," Cloud "," 2024-03-05 ","Rejected "," USD 8,869.15 "," duplicate submit; consolidate in close process"
"INV-166561"," VertexLogistics","Hardware","2024-07-27 "," On Hold","$3,347.22 "," requires VAT documentation; cost center 102"
"INV-440317","Vertex Logistics ","Hardware"," 2024-03-28","Pending "," $1,111.53","match to PO required; cost center 106 "
"INV-640968"," Zenith Comp."," Facility ","2024-01-10 ","Approved "," $5,154.54","match to PO required; cost center 110 "
"INV-998515","Novapackaging"," Cloud ","2024-05-20"," Pending"," USD 7, 379.89 ","pending shipping confirmation; cost center 116 "
"INV-381840"," Helios Robotix "," Professional Services"," 2024-04-19 ","On Hold ","$7,609.37 "," pending shipping confirmation; cost center 112"
"INV-579394","Lumen-Analytics "," Software","2024-09-06","On Hold","$1,874.85 ","three-way match complete; cost center 101 "
"INV-164789"," Astra suppl. "," Software","2024-06-07","Approved "," $6,186.83"," requires VAT documentation; cost center 103"
"INV-382740","Helios Robotics"," Logistics"," 2024-01-01","Pending ","USD 8,533.64 ","match to PO required; cost center 108 "
"INV-486860"," Zenith Component"," Cloud "," 2024-04-11"," Approved "," $7,487.77"," price variance escalated; cost center 104 "
"INV-888216","Zenith Components "," Software ","2024-08-13 "," Approved","USD 5, 670.37","three-way match complete; cost center 105 "
"INV-385755"," Astra Supplies"," Logistics ","2024-08-27"," Rejected ","USD 9, 247.84"," vendor submitted via portal; cost center 115"
"INV-385755"," Astra Supplies ","Logistics ","2024-08-27"," Rejected ","USD 9, 247.84","duplicate submit; consolidate in close process "
"INV-417104","Astra suppl. "," Logistics "," 2024-02-26"," Approved","USD 7, 750.24 ","pending shipping confirmation; cost center 111 "
"INV-766392"," HELIOS ROBOTICS","Cloud"," 2024-01-08"," On Hold "," USD 8,917.26","vendor submitted via portal; cost center 116"
"INV-767238"," LumenAnalytics ","Facility "," 2024-01-18"," Approved"," USD 2,200.00 "," three-way match complete; cost center 109 "
"INV-503049","Helios-Robotics "," Professional Services"," 2024-07-28"," Approved","$3,275.56 ","vendor submitted via portal; cost center 101 "
"INV-646878","Vertex Logistics"," Software ","2024-03-19"," Approved "," $9,394.93 "," three-way match complete; cost center 105 "
"INV-859826","AstraSupply"," Logistics","2024-06-28 ","Pending "," $6,454.32 "," price variance escalated; cost center 108 "
"INV-154015","ZenithComponents"," Software"," 2024-06-08"," On Hold"," $8,094.33 "," requires VAT documentation; cost center 113"
"INV-241161"," Vtx Logistics "," Software"," 2024-07-29 "," Pending"," USD 1, 024.05","requires VAT documentation; cost center 101 "
"INV-667836"," Novapackaging"," Hardware","2024-05-28","On Hold","$6,789.14 "," requires VAT documentation; cost center 119 "
"INV-930157"," NovaPack","Cloud","2024-09-10 ","Approved "," $5,875.90 "," three-way match complete; cost center 118 "
"INV-806426"," Astra-Supplies ","Professional Services","2024-04-08 "," Approved ","USD 8, 528.67"," three-way match complete; cost center 111 "
"INV-230025"," Nova Packg.","Professional Services"," 2024-09-01 "," On Hold","$9,288.79","vendor submitted via portal; cost center 104"
"INV-647348"," Vertex Log. ","Facility "," 2024-08-21"," On Hold "," $9,278.69 ","price variance escalated; cost center 105 "
"INV-755035","Lumen Analytics","Cloud","2024-09-21"," Rejected ","$7,359.52 ","requires VAT documentation; cost center 110"
"INV-507327"," Helios Robotix"," Cloud","2024-09-05 ","Approved"," $2,133.60"," price variance escalated; cost center 102 "
"INV-430879"," Astra Spp ","Software","2024-02-18 ","Approved ","$8,901.96 ","price variance escalated; cost center 105"
"INV-637437"," Vertex Log. "," Software","2024-05-04 ","Approved "," $1,652.84","vendor submitted via portal; cost center 118"
"INV-224631","NovaPack "," Logistics","2024-02-24 ","Approved"," USD 9,390.20"," price variance escalated; cost center 105 "
"INV-477698","Vtx Logistics "," Logistics","2024-01-15 "," Approved "," USD 2, 145.33 "," requires VAT documentation; cost center 100 "
"INV-485992","Zenith Components ","Software ","2024-02-20 "," Approved"," USD 4, 248.67"," vendor submitted via portal; cost center 119"
"INV-786635"," Novapackaging "," Facility","2024-05-20 ","Approved","USD 8,271.75 ","requires VAT documentation; cost center 104"
"INV-346381","LumenAnalytic "," Software"," 2024-08-02"," Rejected ","USD 5,236.26 "," requires VAT documentation; cost center 112 "
"INV-917877","Zenith Component"," Software"," 2024-04-11 ","Rejected ","$2,018.63 "," requires VAT documentation; cost center 104 "
"INV-421686"," Vertex Logistics","Software"," 2024-05-01","Approved"," USD 4, 470.25 "," match to PO required; cost center 111 "
"INV-601015"," Helios-Robotics"," Software "," 2024-01-16 "," Approved","$6,230.64"," three-way match complete; cost center 116 "
"INV-504305","Zenith Component"," Software"," 2024-05-17"," Rejected","USD 2, 994.48 "," requires VAT documentation; cost center 103"
"INV-504305","Zenith Component ","Software"," 2024-05-17","Rejected "," USD 2, 994.48","duplicate submit; consolidate in close process "
"INV-827917"," Vertex-Logistics "," Facility","2024-08-03"," Approved","$785.25"," pending shipping confirmation; cost center 116"
"INV-827917"," Vertex Logistics","Facility","2024-08-03 "," Approved"," $785.25 ","duplicate submit; consolidate in close process "
"INV-752653","Helios-Robotics","Cloud","2024-07-16"," Pending"," USD 9, 876.54 ","three-way match complete; cost center 110"
"INV-276564"," Novapackaging "," Hardware "," 2024-06-03","Approved","USD 1, 641.06"," pending shipping confirmation; cost center 118 "
"INV-575051"," Helios-Robotics "," Software","2024-06-09","Approved"," $5,967.15 ","three-way match complete; cost center 109 "
"INV-709301","Vtx Logistics","Cloud ","2024-01-06 ","Approved"," $727.85","price variance escalated; cost center 114 "
"INV-709301","Vtx Logistics"," Cloud"," 2024-01-06 ","Approved","$727.85"," duplicate submit; consolidate in close process"
"INV-522955","ZenithComponents"," Facility ","2024-05-28","Approved","$7,575.42 "," match to PO required; cost center 108"
"INV-528004","Lumen Analytix "," Software"," 2024-03-02"," On Hold","USD 2,775.20","vendor submitted via portal; cost center 113 "
"INV-942957"," HELIOS ROBOTICS ","Logistics"," 2024-05-26","Approved ","USD 9,371.96","pending shipping confirmation; cost center 105 "
"INV-414946","HELIOS ROBOTICS ","Software"," 2024-09-17 "," Approved","$2,916.27","three-way match complete; cost center 106 "
"INV-353949"," Nova Packaging ","Logistics"," 2024-03-31 ","Approved ","$9,713.00 ","three-way match complete; cost center 106 "
"INV-777749"," Lumen Analytics "," Software "," 2024-07-16","Approved","$8,890.20","match to PO required; cost center 114"
"INV-777749"," LumenAnalytic","Software ","2024-07-16","Approved"," $8,890.20"," duplicate submit; consolidate in close process "
"INV-887472","LumenAnalytics ","Software ","2024-06-25"," Approved","USD 5, 694.23"," requires VAT documentation; cost center 108"
"INV-849298","Lumen-Analytics","Hardware ","2024-03-26"," Pending"," $9,326.58","requires VAT documentation; cost center 104"
"INV-181720","Zenith Comp. ","Professional Services"," 2024-08-12 "," Approved ","$7,838.67 "," pending shipping confirmation; cost center 118 "
"INV-566962"," Helios Robotics ","Facility "," 2024-08-04 ","Rejected","$5,710.74"," match to PO required; cost center 111 "
"INV-672734"," Zenith-Components"," Cloud "," 2024-08-28","On Hold "," USD 2,409.63"," match to PO required; cost center 106"
"INV-525863"," Nova-Packaging ","Logistics "," 2024-04-05"," Approved","$2,171.41 ","match to PO required; cost center 108 "
"INV-104469","Astra Spp ","Professional Services ","2024-09-22 ","Approved","USD 2, 175.41 "," pending shipping confirmation; cost center 104"
"INV-685737","Novapackaging","Professional Services "," 2024-09-25 "," Pending ","$2,209.96"," three-way match complete; cost center 104"
"INV-685737"," Nova Packaging ","Professional Services","2024-09-25"," Pending ","$2,209.96","duplicate submit; consolidate in close process"
"INV-839072"," Lumen Analytics","Logistics "," 2024-07-15 "," Approved "," $6,035.44","vendor submitted via portal; cost center 113"
"INV-288819"," Novapackaging "," Hardware ","2024-03-13","Approved"," $4,820.51","pending shipping confirmation; cost center 116 "
"INV-602962"," ZenithComponents "," Hardware","2024-02-04 ","Approved ","USD 5, 736.03"," requires VAT documentation; cost center 105"
"INV-337302"," Astra-Supplies"," Professional Services ","2024-06-03"," Rejected"," $1,283.33 "," requires VAT documentation; cost center 108"
"INV-570657","Vertex Log.","Facility "," 2024-06-10 "," Rejected"," USD 8,329.93 ","pending shipping confirmation; cost center 110 "
"INV-702963"," Nova-Packaging ","Software","2024-02-11"," Pending"," USD 9,781.70","requires VAT documentation; cost center 119"
"INV-515708"," Nova Packaging ","Facility "," 2024-05-08"," On Hold ","USD 5, 202.28"," price variance escalated; cost center 114 "
"INV-170795"," Helios Robotics"," Hardware "," 2024-02-22 ","On Hold"," $1,957.19 "," vendor submitted via portal; cost center 113 "
"INV-682015","LumenAnalytic"," Hardware"," 2024-04-14","Approved"," USD 3,412.01","pending shipping confirmation; cost center 115"
"INV-682015"," LumenAnalytic "," Hardware","2024-04-14","Approved ","USD 3,412.01"," duplicate submit; consolidate in close process "
"INV-607618"," AstraSupply"," Professional Services"," 2024-02-26 ","On Hold "," USD 3, 906.75 "," requires VAT documentation; cost center 118"
"INV-306800","Helios Robotix"," Hardware "," 2024-09-04 "," Approved","$1,710.91 ","match to PO required; cost center 112 "
"INV-778258"," HeliosRobotics ","Logistics "," 2024-02-01","Pending","USD 5, 472.69 "," pending shipping confirmation; cost center 117"
"INV-923656"," Nova Packaging","Facility","2024-09-22"," Approved"," USD 1,017.75","pending shipping confirmation; cost center 117 "
"INV-835329","Vertex-Logistics"," Facility"," 2024-08-15 ","Approved "," $8,260.41 ","vendor submitted via portal; cost center 110 "
"INV-297517"," HeliosRobotics","Facility "," 2024-06-06"," Pending ","$9,395.51 ","vendor submitted via portal; cost center 117"
"INV-665301"," Lumen-Analytics","Logistics "," 2024-07-12 "," Approved "," USD 5,122.05 ","vendor submitted via portal; cost center 112"
"INV-729294","Helios-Robotics"," Professional Services "," 2024-07-05 "," On Hold"," USD 3, 499.14 "," vendor submitted via portal; cost center 111"
"INV-674036","Lumen Analytics","Cloud","2024-05-18 ","Approved ","USD 4, 703.05","requires VAT documentation; cost center 109 "
"INV-531997","Zenith-Components ","Facility "," 2024-05-04","Approved"," $6,589.97 ","pending shipping confirmation; cost center 110 "
"INV-365287"," Vertex Logistics"," Hardware ","2024-04-13 "," Approved","$8,732.96 ","vendor submitted via portal; cost center 112"
"INV-365287"," Vtx Logistics ","Hardware "," 2024-04-13"," Approved"," $8,732.96 "," duplicate submit; consolidate in close process"
"INV-460423","Lumen-Analytics ","Software"," 2024-04-04","Approved ","$6,550.45 ","vendor submitted via portal; cost center 119"
"INV-455799","Vertex Log."," Logistics"," 2024-08-31 "," Approved"," USD 5,191.64","three-way match complete; cost center 108"
"INV-856238"," Nova Packg.","Logistics"," 2024-06-05","Approved"," $3,148.21 ","vendor submitted via portal; cost center 105"
"INV-404475"," Astra-Supplies","Hardware ","2024-01-26"," On Hold "," $3,952.71"," match to PO required; cost center 108"
"INV-555921","Lumen Analytics "," Logistics","2024-08-26 ","Approved ","USD 6,975.05 "," vendor submitted via portal; cost center 103 "
"INV-178964"," Astra suppl."," Logistics"," 2024-06-23","On Hold ","$9,280.68 ","vendor submitted via portal; cost center 110 "
"INV-178964","Astra suppl. "," Logistics "," 2024-06-23 ","On Hold ","$9,280.68 ","duplicate submit; consolidate in close process"
"INV-121015"," Vtx Logistics"," Cloud","2024-09-08","On Hold"," USD 3,455.11","price variance escalated; cost center 117"
"INV-109410","Lumen Analytics","Professional Services"," 2024-02-08","Rejected "," $2,475.40 ","pending shipping confirmation; cost center 114 "
"INV-109193","Vtx Logistics "," Cloud "," 2024-06-01 ","Pending"," USD 4,684.46","requires VAT documentation; cost center 118"
"INV-408178"," HeliosRobotics"," Facility"," 2024-03-01","Rejected "," $3,285.33 ","match to PO required; cost center 118 "
"INV-140345","Lumen Analytix","Hardware ","2024-08-12"," Approved"," $3,999.17","price variance escalated; cost center 117 "
"INV-486675","Astra suppl. ","Cloud"," 2024-04-06"," Pending"," USD 8, 943.79","match to PO required; cost center 103"
"INV-349316","Zenith Component","Cloud ","2024-09-21"," Approved "," USD 3, 914.95 "," match to PO required; cost center 116 "
"INV-461553","Vertex Logistics ","Software"," 2024-06-15"," Approved ","USD 2,950.55","vendor submitted via portal; cost center 107"
"INV-334219","Astra-Supplies"," Professional Services ","2024-01-30"," Approved"," $1,998.67"," pending shipping confirmation; cost center 115 "
"INV-292357","Novapackaging","Software ","2024-09-20","Approved "," $6,466.69 "," three-way match complete; cost center 108 "
"INV-738714"," Zenith-Components","Software ","2024-09-06","Approved","$4,016.35 ","match to PO required; cost center 117 "
"INV-624687"," Lumen-Analytics","Software","2024-09-17 "," Approved ","$6,801.94","requires VAT documentation; cost center 110"
"INV-574502","Astra Spp"," Hardware","2024-06-27"," Rejected"," USD 8,787.26","three-way match complete; cost center 104"
"INV-984935","LumenAnalytic ","Software ","2024-06-07 "," Approved"," USD 7, 887.30"," match to PO required; cost center 118 "
"INV-984935"," Lumen Analytix","Software "," 2024-06-07 ","Approved"," USD 7, 887.30 ","duplicate submit; consolidate in close process"
"INV-531178"," Astra-Supplies","Facility "," 2024-02-04"," Approved ","USD 3,251.71 ","requires VAT documentation; cost center 110 "
"INV-916996","Helios Robotix","Logistics "," 2024-03-24","Pending","USD 7, 277.03","pending shipping confirmation; cost center 104 "
"INV-477259"," Vtx Logistics","Hardware"," 2024-02-09"," Pending"," $8,904.12"," vendor submitted via portal; cost center 118"
"INV-778484"," ZenithComponents ","Cloud","2024-07-29 ","Approved ","USD 9, 904.89"," requires VAT documentation; cost center 105 "
"INV-954168"," Astra suppl."," Logistics"," 2024-07-12","Approved","USD 7,064.38 ","match to PO required; cost center 116"
"INV-948724"," Nova Packaging","Professional Services "," 2024-03-14"," Approved "," $2,618.55","vendor submitted via portal; cost center 101"
"INV-433277"," Helios-Robotics ","Cloud"," 2024-07-14 "," Approved"," $9,510.15 "," price variance escalated; cost center 119 "
"INV-654659","VertexLogistics "," Logistics"," 2024-04-08 ","Pending ","USD 1,589.44","requires VAT documentation; cost center 114 "
"INV-842850","Zenith Comp."," Logistics"," 2024-03-20 ","Approved "," USD 7, 432.21 ","price variance escalated; cost center 119"
"INV-107316","LumenAnalytic "," Logistics"," 2024-05-14","Pending "," $8,910.49 ","price variance escalated; cost center 104 "
"INV-410418","NovaPack","Logistics ","2024-09-15 ","Pending"," $8,824.46 ","three-way match complete; cost center 117"
"INV-830150"," Astra Spp "," Software"," 2024-04-13"," Approved"," $2,237.17 ","three-way match complete; cost center 105"
"INV-491293","Astra suppl. "," Facility "," 2024-06-23 "," Approved","$9,928.78","price variance escalated; cost center 101"
"INV-476721"," ZenithComponents "," Facility"," 2024-09-01","On Hold "," USD 9,008.99"," price variance escalated; cost center 103 "
"INV-349502","Helios Robotics"," Cloud ","2024-06-09 ","Pending ","USD 5,865.97"," three-way match complete; cost center 114 "
"INV-349502","Helios Robotics "," Cloud ","2024-06-09","Pending"," USD 5,865.97","duplicate submit; consolidate in close process"
"INV-366467"," Zenith Components","Professional Services","2024-07-18 ","Pending"," $6,019.97","match to PO required; cost center 112 "
"INV-191516","LumenAnalytics"," Hardware "," 2024-07-22"," Approved"," USD 759.18 "," price variance escalated; cost center 101 "
"INV-639997"," Astra suppl. "," Hardware"," 2024-05-13 ","On Hold ","$3,565.97 "," match to PO required; cost center 118"
"INV-844716"," Lumen Analytix"," Logistics "," 2024-04-25"," Pending "," $9,967.98"," match to PO required; cost center 108"
"INV-862915","Astra-Supplies "," Professional Services"," 2024-08-31 ","Approved","$6,259.84 ","vendor submitted via portal; cost center 111"
"INV-204334"," Astra-Supplies"," Cloud","2024-08-08 ","Approved"," USD 7,787.17 "," price variance escalated; cost center 104"
"INV-204334"," Astra-Supplies","Cloud"," 2024-08-08"," Approved ","USD 7,787.17 ","duplicate submit; consolidate in close process"
"INV-727097"," Zenith Comp. "," Facility ","2024-09-02"," On Hold","$1,987.65","match to PO required; cost center 103"
"INV-699729"," Lumen-Analytics ","Facility"," 2024-09-23","Rejected","$7,746.01 "," vendor submitted via portal; cost center 108 "
"INV-731384","LumenAnalytics ","Hardware "," 2024-02-02 "," Approved ","USD 1,365.73"," requires VAT documentation; cost center 101 "
"INV-501287"," Zenith-Components"," Software ","2024-03-04 ","On Hold ","USD 8, 195.17"," three-way match complete; cost center 114"
"INV-105614","Vertex-Logistics ","Professional Services"," 2024-07-30 ","Approved ","$2,886.92"," price variance escalated; cost center 118"
"INV-651867","Lumen-Analytics "," Cloud ","2024-07-21 "," Rejected ","USD 7, 448.26 "," pending shipping confirmation; cost center 119"
"INV-843185"," AstraSupply","Software","2024-04-09"," On Hold"," $8,419.61"," price variance escalated; cost center 109"
"INV-105816","LumenAnalytics "," Software","2024-04-09","Pending "," $4,076.81 ","pending shipping confirmation; cost center 108"
"INV-568580","Helios Robotics "," Cloud "," 2024-03-05 ","Pending ","USD 3,315.80 ","pending shipping confirmation; cost center 100 "
"INV-957068","Nova Packaging"," Cloud","2024-09-04 ","Approved","USD 2, 055.35","price variance escalated; cost center 115 "
"INV-957068"," Novapackaging "," Cloud "," 2024-09-04","Approved "," USD 2, 055.35","duplicate submit; consolidate in close process"
"INV-506186"," Astra suppl. ","Cloud "," 2024-09-02"," Approved ","$5,569.68"," price variance escalated; cost center 110"
"INV-237565"," HELIOS ROBOTICS "," Logistics "," 2024-07-23"," Pending ","USD 997.55"," vendor submitted via portal; cost center 106 "
"INV-201507"," Lumen Analytics ","Cloud"," 2024-06-13","On Hold "," USD 6, 098.53 "," match to PO required; cost center 108 "
"INV-510970","NovaPack "," Software "," 2024-06-24 "," Rejected"," $5,435.63","requires VAT documentation; cost center 102"
"INV-659667"," ZenithComponents"," Logistics"," 2024-06-12 "," Approved ","USD 879.84 ","three-way match complete; cost center 108"
"INV-117531"," LumenAnalytics "," Software ","2024-01-18","On Hold","$7,355.20","requires VAT documentation; cost center 103 "
"INV-119456"," Nova Packaging "," Cloud ","2024-02-19 ","Approved"," $8,132.74 ","match to PO required; cost center 116"
"INV-250381"," Helios Robotix"," Hardware"," 2024-06-09"," Rejected","$9,578.02"," match to PO required; cost center 103 "
"INV-175915"," Astra-Supplies"," Facility ","2024-08-15 "," Approved "," USD 2, 850.84 ","three-way match complete; cost center 101 "
"INV-782506","NovaPack ","Software ","2024-04-04 ","On Hold"," USD 5,230.13","price variance escalated; cost center 101"
"INV-326030"," Vertex Logistics"," Logistics "," 2024-02-01","Pending "," USD 3, 273.49 "," price variance escalated; cost center 118"
"INV-532372"," Vertex Logistics","Cloud "," 2024-03-12","Approved"," $2,002.54"," match to PO required; cost center 116"
"INV-345819","Astra Supplies "," Facility","2024-03-14"," Approved "," $9,460.08 ","three-way match complete; cost center 102"
"INV-629828","Nova Packg. ","Professional Services "," 2024-01-30"," Approved"," USD 9, 226.64"," pending shipping confirmation; cost center 119"
"INV-497885","Astra Supplies","Professional Services","2024-06-10"," Pending","USD 1, 544.13"," vendor submitted via portal; cost center 109"
"INV-813479"," Vtx Logistics"," Facility","2024-09-28","Approved"," $5,249.97 ","three-way match complete; cost center 112 "
"INV-813479","Vertex-Logistics ","Facility","2024-09-28","Approved","$5,249.97 "," duplicate submit; consolidate in close process"
"INV-377289"," HELIOS ROBOTICS "," Software"," 2024-03-07","Rejected ","$9,631.89 "," match to PO required; cost center 119 "
"INV-979704"," Astra Supplies ","Facility "," 2024-04-06","Rejected ","$1,366.93","vendor submitted via portal; cost center 114 "
"INV-790170","HeliosRobotics"," Software ","2024-05-14 ","Approved ","USD 4, 181.44 ","price variance escalated; cost center 107"
"INV-254292"," Nova Packaging "," Professional Services ","2024-07-26","On Hold","$4,630.06","match to PO required; cost center 106"
"INV-579628","Helios-Robotics","Hardware "," 2024-01-02"," Approved "," $8,224.48 ","vendor submitted via portal; cost center 116 "
"INV-671541"," Astra suppl. ","Facility"," 2024-05-21","Pending ","$9,775.01 ","requires VAT documentation; cost center 109"
"INV-551993","Zenith Comp. "," Professional Services","2024-03-02","Approved","$8,115.04"," price variance escalated; cost center 115 "
"INV-551993","Zenith-Components ","Professional Services"," 2024-03-02"," Approved "," $8,115.04"," duplicate submit; consolidate in close process "
"INV-276401","Vtx Logistics ","Software "," 2024-04-22","Approved "," USD 9, 948.99"," vendor submitted via portal; cost center 101"
"INV-589345"," Astra suppl."," Software","2024-09-25"," Approved ","USD 2,244.72 "," vendor submitted via portal; cost center 110"
"INV-145279"," LumenAnalytic","Logistics"," 2024-08-14","Approved ","$8,635.90","price variance escalated; cost center 116 "
"INV-654365","LumenAnalytic ","Software","2024-03-01","Approved ","USD 9,718.74 ","vendor submitted via portal; cost center 115"
"INV-512407","Astra suppl."," Facility"," 2024-05-24 "," Pending","$7,666.23","price variance escalated; cost center 106 "
"INV-256013","AstraSupply "," Facility","2024-07-31","Approved ","$4,881.60","requires VAT documentation; cost center 101"
"INV-971319","VertexLogistics"," Cloud "," 2024-05-13"," Approved","USD 2,189.27","three-way match complete; cost center 100 "
"INV-170622"," Vertex Log."," Professional Services "," 2024-09-07 "," Pending "," $7,459.70"," three-way match complete; cost center 113"
"INV-794072"," Vtx Logistics "," Facility"," 2024-04-30 "," Approved ","USD 9, 617.14 "," price variance escalated; cost center 114 "
"INV-774974","AstraSupply","Software"," 2024-06-20"," Approved ","USD 4, 494.20","vendor submitted via portal; cost center 119 "
"INV-694832"," Nova-Packaging","Cloud "," 2024-02-05 "," Approved ","USD 4, 442.19"," requires VAT documentation; cost center 117"
"INV-694832"," NovaPack"," Cloud "," 2024-02-05"," Approved"," USD 4, 442.19 "," duplicate submit; consolidate in close process "
"INV-706886"," Astra suppl. "," Cloud","2024-08-12 "," Pending","$6,673.80"," pending shipping confirmation; cost center 104"
"INV-531957","Helios-Robotics "," Logistics"," 2024-08-24"," On Hold"," $7,690.47"," pending shipping confirmation; cost center 113 "
"INV-484209","Lumen-Analytics "," Facility ","2024-08-03 ","Rejected"," USD 9, 123.44","match to PO required; cost center 117"
"INV-613122"," Vertex-Logistics"," Professional Services","2024-07-03 "," Approved ","USD 9,558.99"," match to PO required; cost center 118 "
"INV-536372"," Vertex Log."," Professional Services ","2024-02-08 ","Approved"," $2,648.30"," pending shipping confirmation; cost center 115"
"INV-937603"," Helios-Robotics ","Cloud","2024-09-17","Pending ","$2,100.33 ","vendor submitted via portal; cost center 114"
"INV-873055"," Vertex Logistics "," Software ","2024-07-14 ","Rejected"," $6,592.40"," pending shipping confirmation; cost center 118"
"INV-806632","Helios Robotix","Hardware","2024-08-11"," On Hold","USD 9, 586.19","three-way match complete; cost center 116"
"INV-923659","Nova-Packaging","Hardware "," 2024-04-11","Approved "," $8,484.96 "," requires VAT documentation; cost center 104 "
"INV-743671","Lumen Analytics"," Professional Services ","2024-05-24 ","Pending "," USD 4, 826.10 "," match to PO required; cost center 114 "
"INV-743671"," LumenAnalytic","Professional Services","2024-05-24 ","Pending "," USD 4, 826.10 ","duplicate submit; consolidate in close process "
"INV-428536"," Zenith-Components"," Cloud ","2024-01-25 ","Approved","$4,649.59 ","requires VAT documentation; cost center 100"
"INV-428536","Zenith Component"," Cloud ","2024-01-25 ","Approved ","$4,649.59 "," duplicate submit; consolidate in close process"
"INV-213061","Lumen-Analytics","Hardware ","2024-03-01 ","On Hold ","$2,559.39 "," pending shipping confirmation; cost center 118"
"INV-494365"," Lumen Analytics ","Hardware ","2024-05-30"," Approved"," $5,736.74","price variance escalated; cost center 111 "
"INV-494365"," Lumen Analytics"," Hardware"," 2024-05-30 ","Approved ","$5,736.74","duplicate submit; consolidate in close process"
"INV-207613"," Vertex Logistics ","Cloud"," 2024-05-29"," Approved "," USD 1, 230.15 "," match to PO required; cost center 104 "
"INV-249533","HeliosRobotics ","Cloud ","2024-08-01 ","Approved "," $9,702.68","match to PO required; cost center 104"
"INV-993875","Vtx Logistics"," Professional Services ","2024-09-10 "," Approved "," $6,992.04 ","price variance escalated; cost center 106 "
"INV-260566","Lumen Analytics "," Facility"," 2024-06-28"," Approved"," $703.45","requires VAT documentation; cost center 113"
"INV-390697","Astra-Supplies ","Professional Services "," 2024-06-04"," Approved"," $8,595.86 "," requires VAT documentation; cost center 106"
"INV-668584"," Helios Robotics ","Software "," 2024-01-20","Approved"," $8,447.21 "," three-way match complete; cost center 103 "
"INV-322924","Lumen Analytix"," Professional Services ","2024-02-07 ","Rejected"," $988.97"," vendor submitted via portal; cost center 111"
"INV-645164","Vertex Log. ","Professional Services"," 2024-06-15"," Pending","$2,618.63 ","requires VAT documentation; cost center 104 "
"INV-203172"," HELIOS ROBOTICS "," Hardware","2024-03-14 ","Pending","$5,579.59"," pending shipping confirmation; cost center 113"
"INV-350897"," Vtx Logistics","Software "," 2024-01-13 ","Approved","USD 5,070.52"," pending shipping confirmation; cost center 107 "
"INV-650770"," Astra Supplies"," Software"," 2024-05-25"," Approved ","$9,217.83 ","requires VAT documentation; cost center 114 "
"INV-879402"," Nova-Packaging"," Facility","2024-02-11 ","Pending"," USD 5, 248.21 "," requires VAT documentation; cost center 100"
"INV-726866"," VertexLogistics "," Cloud"," 2024-05-20"," Approved ","$8,857.79"," pending shipping confirmation; cost center 116"
"INV-160529"," Astra suppl. "," Facility","2024-02-07 "," Pending","$4,507.22 ","match to PO required; cost center 113 "
"INV-160529","Astra-Supplies "," Facility ","2024-02-07 "," Pending "," $4,507.22 "," duplicate submit; consolidate in close process "
"INV-618854"," Vtx Logistics"," Facility","2024-08-23 ","Pending "," USD 5, 407.51","price variance escalated; cost center 110"
"INV-992288"," Nova Packaging"," Cloud"," 2024-01-20 ","On Hold"," USD 9,831.73","price variance escalated; cost center 103"
"INV-665411"," Lumen-Analytics"," Logistics"," 2024-07-04 "," Approved ","USD 776.22 "," three-way match complete; cost center 102 "
"INV-164490","Vertex-Logistics"," Professional Services "," 2024-02-25 "," Approved ","$1,735.20 ","pending shipping confirmation; cost center 106 "
"INV-282066"," Lumen-Analytics","Cloud ","2024-08-10 "," On Hold"," $1,284.69","match to PO required; cost center 118"
"INV-191901"," Lumen Analytix"," Cloud","2024-09-13","Pending"," USD 9,379.96 "," match to PO required; cost center 114 "
"INV-920121"," Astra suppl.","Hardware"," 2024-04-02 "," Pending","$1,128.64","requires VAT documentation; cost center 105"
"INV-487620"," Nova Packg. "," Facility","2024-06-27 "," Rejected "," $9,190.75 "," match to PO required; cost center 107"
"INV-141831"," NovaPack "," Facility "," 2024-09-23 ","Pending ","$5,604.89 ","price variance escalated; cost center 100"
"INV-852774","Zenith-Components"," Hardware ","2024-05-18","Pending ","$7,045.17 ","match to PO required; cost center 112"
"INV-678506","Lumen Analytix"," Cloud ","2024-09-27 ","Approved ","USD 6, 015.93","price variance escalated; cost center 101"
"INV-464736","ZenithComponents"," Cloud","2024-07-01 ","Approved","$7,957.56","pending shipping confirmation; cost center 115"
"INV-982392","Helios Robotics ","Hardware ","2024-08-26 "," On Hold ","$5,708.62 ","price variance escalated; cost center 108 "
"INV-515089"," Lumen-Analytics","Software "," 2024-06-06","On Hold "," USD 9, 165.50","three-way match complete; cost center 106 "
"INV-101354","Lumen Analytix"," Software ","2024-06-05"," Pending ","USD 8, 512.72 "," vendor submitted via portal; cost center 101"
"INV-113595","Nova-Packaging"," Hardware ","2024-04-25"," Rejected ","USD 6,535.53 ","pending shipping confirmation; cost center 112"
"INV-568737","Lumen Analytix "," Professional Services ","2024-01-22","Rejected"," $5,384.20"," match to PO required; cost center 113"
"INV-299565"," Astra Supplies "," Facility ","2024-09-22 ","Approved","USD 7, 826.98 "," three-way match complete; cost center 112 "
"INV-166268"," Nova Packg. "," Facility","2024-01-30 ","Approved "," USD 5, 624.34 "," three-way match complete; cost center 109 "
"INV-146032","Lumen Analytix "," Cloud "," 2024-07-02"," Approved ","$9,219.55 ","match to PO required; cost center 118"
"INV-735564","Vertex Logistics","Hardware "," 2024-05-11 ","Approved "," $1,729.59"," three-way match complete; cost center 111 "
"INV-331764","Helios Robotics "," Facility ","2024-03-20"," Approved "," USD 4, 283.23 ","match to PO required; cost center 109"
"INV-282482"," Vertex Log. ","Facility"," 2024-06-06 "," Approved"," $2,880.26"," requires VAT documentation; cost center 107"
"INV-517317"," Lumen-Analytics ","Facility"," 2024-02-23 ","Approved "," USD 531.39 "," requires VAT documentation; cost center 117 "
"INV-783296","Vtx Logistics ","Hardware "," 2024-04-09"," Approved "," USD 2,904.52 "," pending shipping confirmation; cost center 102 "
"INV-254148"," NovaPack"," Cloud","2024-02-11","Pending","$3,832.33 "," pending shipping confirmation; cost center 114"
"INV-957936"," Lumen Analytics "," Software"," 2024-04-01"," Approved ","$1,003.79 "," match to PO required; cost center 113 "
"INV-919768","Nova Packg. ","Cloud ","2024-04-26"," Pending ","USD 1,569.46 ","requires VAT documentation; cost center 102 "
"INV-347365","Zenith Comp."," Software ","2024-02-27 ","Approved","$5,857.44","price variance escalated; cost center 100"
"INV-155252"," VertexLogistics","Software"," 2024-08-31 "," On Hold"," USD 4, 953.14","three-way match complete; cost center 102 "
"INV-997957","Lumen Analytics"," Hardware","2024-02-17 ","Rejected","USD 1, 392.63 "," vendor submitted via portal; cost center 109 "
"INV-560001","ZenithComponents"," Software "," 2024-05-16","Approved"," $7,683.25"," pending shipping confirmation; cost center 103 "
"INV-168319","Lumen-Analytics "," Professional Services "," 2024-09-29 ","Approved "," USD 3, 091.71 ","pending shipping confirmation; cost center 116 "
"INV-187940","LumenAnalytics ","Facility "," 2024-07-13 "," Pending","USD 1,327.45 "," price variance escalated; cost center 107 "
"INV-930846","Astra Supplies "," Software ","2024-02-27","Pending "," $1,235.79"," vendor submitted via portal; cost center 103"
"INV-687556","Nova Packg.","Hardware ","2024-05-17 ","Approved ","$5,878.21"," match to PO required; cost center 112"
"INV-534825","Lumen-Analytics"," Cloud","2024-06-25 ","Pending "," $9,726.73","requires VAT documentation; cost center 119 "
"INV-206127","Lumen-Analytics ","Logistics ","2024-02-25 ","Approved"," $7,264.74"," vendor submitted via portal; cost center 115"
"INV-189987","Vtx Logistics ","Professional Services ","2024-06-02 ","Approved","USD 9,610.63 "," vendor submitted via portal; cost center 101 "
"INV-478597","Nova-Packaging","Hardware"," 2024-08-10","Approved ","USD 6, 549.73 ","price variance escalated; cost center 113 "
"INV-732481","Helios-Robotics ","Professional Services "," 2024-08-03","On Hold"," $9,193.41"," vendor submitted via portal; cost center 109"
"INV-732481","HeliosRobotics","Professional Services","2024-08-03"," On Hold ","$9,193.41 ","duplicate submit; consolidate in close process"
"INV-812858","Astra Supplies "," Professional Services"," 2024-06-30","Pending ","$2,323.82 ","requires VAT documentation; cost center 115 "
"INV-826347"," Lumen Analytics","Hardware"," 2024-03-03 "," Rejected "," $1,243.15 "," match to PO required; cost center 107 "
"INV-749134","Vertex Logistics","Professional Services ","2024-08-07"," Approved ","$9,813.59 "," match to PO required; cost center 114 "
"INV-243980"," Lumen Analytics","Logistics"," 2024-05-03"," Approved","$7,113.43 "," pending shipping confirmation; cost center 109 "
"INV-396124","Lumen Analytix "," Software"," 2024-09-14","On Hold","$1,499.63 ","price variance escalated; cost center 104 "
"INV-657373","Zenith Comp.","Hardware ","2024-04-04","On Hold"," USD 3,242.22 "," three-way match complete; cost center 103"
"INV-474190"," Zenith-Components "," Hardware"," 2024-08-17","Rejected","$5,007.14","price variance escalated; cost center 107"
"INV-743729","Astra Supplies ","Professional Services "," 2024-06-23 "," Approved","$8,780.17 ","vendor submitted via portal; cost center 101 "
"INV-957243","HeliosRobotics","Hardware ","2024-03-31","Approved","USD 3, 460.18 ","pending shipping confirmation; cost center 117 "
"INV-925793","Astra-Supplies","Professional Services "," 2024-08-21"," Pending"," USD 9,444.84 ","three-way match complete; cost center 116 "
"INV-250699"," Astra-Supplies","Cloud","2024-01-15 ","Approved"," $574.19 "," pending shipping confirmation; cost center 110 "
"INV-643102"," Novapackaging "," Facility "," 2024-05-29 "," Rejected "," $6,790.73"," requires VAT documentation; cost center 106 "
"INV-643102","Novapackaging"," Facility"," 2024-05-29 ","Rejected","$6,790.73","duplicate submit; consolidate in close process"
"INV-685921","LumenAnalytic ","Professional Services"," 2024-09-19 ","On Hold ","$3,642.41 ","three-way match complete; cost center 109"
"INV-384721"," Astra Spp ","Facility"," 2024-09-18","Approved"," $6,969.05","three-way match complete; cost center 114 "
"INV-969997","Nova Packaging"," Facility "," 2024-03-11","Approved"," $6,810.24","vendor submitted via portal; cost center 101"
"INV-645220"," Vtx Logistics"," Professional Services ","2024-06-13","Rejected "," USD 3, 019.32","pending shipping confirmation; cost center 110 "
"INV-759977"," Lumen Analytics "," Cloud"," 2024-02-02","Pending"," USD 8,770.74"," vendor submitted via portal; cost center 104"
"INV-810930"," Nova Packg. ","Professional Services","2024-03-01 ","Rejected ","$2,901.19","pending shipping confirmation; cost center 116"
"INV-615799"," Nova Packaging "," Cloud ","2024-04-06 ","On Hold","$2,882.60"," vendor submitted via portal; cost center 107 "
"INV-450810"," Zenith Components"," Logistics"," 2024-08-11","Approved ","USD 5, 721.80"," price variance escalated; cost center 116"
"INV-450810"," Zenith Comp. ","Logistics "," 2024-08-11 "," Approved","USD 5, 721.80","duplicate submit; consolidate in close process "
"INV-825438","Vtx Logistics","Cloud"," 2024-08-04 "," Approved ","USD 9,337.00","three-way match complete; cost center 107 "
"INV-825438","Vertex Logistics ","Cloud "," 2024-08-04","Approved "," USD 9,337.00 ","duplicate submit; consolidate in close process "
"INV-788263","Vtx Logistics ","Logistics ","2024-06-25 ","Rejected ","USD 7, 944.74 ","match to PO required; cost center 116"
"INV-130238"," HELIOS ROBOTICS"," Hardware","2024-06-28","Rejected "," USD 9,471.76 ","requires VAT documentation; cost center 116 "
"INV-458211","Helios Robotics ","Facility ","2024-09-07","Pending","USD 7,119.89 ","match to PO required; cost center 102"
"INV-692517"," Novapackaging"," Professional Services"," 2024-05-22"," Approved"," USD 768.06 "," vendor submitted via portal; cost center 103 "
"INV-925516","LumenAnalytics ","Logistics","2024-09-29 "," Approved "," $2,806.74","price variance escalated; cost center 110 "
"INV-817594"," AstraSupply "," Hardware "," 2024-06-05 ","On Hold ","USD 4,683.95","pending shipping confirmation; cost center 111"
"INV-123132","Vtx Logistics","Facility"," 2024-07-07"," Approved "," USD 8, 499.19 "," pending shipping confirmation; cost center 100 "
"INV-688287","HeliosRobotics","Software "," 2024-09-21 ","Approved","$6,237.81"," vendor submitted via portal; cost center 111 "
"INV-795074","Zenith-Components ","Software"," 2024-03-10"," Pending"," $847.28 ","vendor submitted via portal; cost center 108"
"INV-250185","Lumen-Analytics"," Cloud "," 2024-03-11","On Hold "," USD 2,740.93"," price variance escalated; cost center 100 "
"INV-241538"," VertexLogistics "," Software ","2024-06-06","Rejected ","USD 725.65 ","match to PO required; cost center 114 "
"INV-418782"," Lumen-Analytics"," Cloud"," 2024-03-26"," Approved"," USD 9, 505.25 ","price variance escalated; cost center 116 "
"INV-101932","Vertex Log. ","Professional Services"," 2024-07-23"," Pending ","$582.20 "," requires VAT documentation; cost center 106 "
"INV-736040"," NovaPack","Cloud ","2024-06-09","Approved ","$5,164.36 ","price variance escalated; cost center 118 "
"INV-999223","Astra Supplies "," Professional Services"," 2024-05-19"," Approved "," $6,228.30"," three-way match complete; cost center 115"
"INV-755378","Vtx Logistics"," Facility"," 2024-08-23"," Approved"," USD 9, 868.47 ","pending shipping confirmation; cost center 103 "
"INV-141272"," Helios Robotics ","Professional Services ","2024-08-08 "," Approved","$7,509.91 "," match to PO required; cost center 108"
"INV-196704"," HeliosRobotics ","Cloud","2024-08-29","Approved "," USD 9,394.62"," requires VAT documentation; cost center 109 "
"INV-454306","Astra Spp","Cloud","2024-08-25","Approved ","$8,831.34"," pending shipping confirmation; cost center 109"
"INV-588902"," Nova-Packaging ","Professional Services "," 2024-09-19 ","Pending ","USD 6, 659.02 ","price variance escalated; cost center 111 "
"INV-495724","Vertex Logistics "," Software","2024-08-07","On Hold "," $5,121.49","price variance escalated; cost center 118"
"INV-412556","Vertex-Logistics "," Hardware ","2024-06-09 "," Approved","USD 3, 616.94 ","price variance escalated; cost center 105"
"INV-727472","LumenAnalytics"," Software "," 2024-05-05"," Approved","USD 3,320.44 "," price variance escalated; cost center 113"
"INV-442003","Astra Spp"," Hardware","2024-09-12"," On Hold","USD 8, 196.75","three-way match complete; cost center 119 "
"INV-442003"," AstraSupply "," Hardware "," 2024-09-12 "," On Hold ","USD 8, 196.75","duplicate submit; consolidate in close process "
"INV-688244"," Zenith-Components ","Cloud "," 2024-02-24 ","On Hold "," USD 7,648.70","match to PO required; cost center 102"
"INV-823132","Nova Packaging ","Professional Services"," 2024-07-18 ","Approved "," USD 4,676.89 "," vendor submitted via portal; cost center 116"
"INV-621385"," Vtx Logistics"," Hardware"," 2024-04-07"," Pending","USD 4,998.89"," price variance escalated; cost center 104 "
"INV-523316","Astra suppl.","Hardware","2024-09-27 "," On Hold ","$631.76 ","three-way match complete; cost center 106"
"INV-202295","Nova Packaging"," Hardware"," 2024-06-30 "," Approved "," $6,607.30"," vendor submitted via portal; cost center 104"
"INV-848170"," HELIOS ROBOTICS"," Facility "," 2024-07-23 ","Approved ","$9,674.38 ","vendor submitted via portal; cost center 115 "
"INV-144085","NovaPack","Professional Services"," 2024-08-29","On Hold"," $8,182.74 ","requires VAT documentation; cost center 101"
"INV-872118"," Lumen Analytix"," Cloud"," 2024-09-18 ","Pending","$7,716.18 "," pending shipping confirmation; cost center 104"
"INV-414664","LumenAnalytics "," Logistics","2024-02-10"," Approved","USD 9, 538.79"," three-way match complete; cost center 118"
"INV-854280"," Astra suppl.","Facility","2024-04-19","On Hold"," USD 7, 359.57"," three-way match complete; cost center 118"
"INV-527296"," Zenith-Components "," Facility ","2024-04-09 "," Approved "," USD 9, 247.21 ","pending shipping confirmation; cost center 113 "
"INV-140547","Zenith Comp. ","Professional Services ","2024-06-10"," Approved "," $9,134.78","match to PO required; cost center 116 "
"INV-337096"," Astra suppl. ","Hardware","2024-01-21 "," Rejected ","USD 8, 356.59","requires VAT documentation; cost center 109 "
"INV-164854","Nova Packg. "," Professional Services","2024-07-20 "," On Hold"," USD 9, 104.89 "," requires VAT documentation; cost center 103 "
"INV-717727"," Astra Spp","Cloud"," 2024-01-30 "," Pending "," $3,137.41"," requires VAT documentation; cost center 104"
"INV-396517"," ZenithComponents ","Facility "," 2024-02-02 ","On Hold"," $8,134.34 ","match to PO required; cost center 117 "
"INV-247103","LumenAnalytic"," Cloud ","2024-06-14 "," On Hold"," $9,780.03","match to PO required; cost center 117 "
"INV-625131","Zenith Components ","Hardware","2024-02-01 "," Pending"," USD 3, 126.70 "," requires VAT documentation; cost center 108"
"INV-107292"," LumenAnalytics "," Facility "," 2024-05-04 ","Approved ","$2,630.94","vendor submitted via portal; cost center 111"
"INV-327966"," Nova Packg. "," Facility ","2024-05-02 ","Pending "," $6,331.88 ","three-way match complete; cost center 100 "
"INV-905713"," Nova Packaging"," Cloud"," 2024-03-03","Pending ","$9,491.65 "," match to PO required; cost center 105 "
"INV-573854"," Zenith Components ","Professional Services ","2024-09-26","On Hold "," $1,834.77"," price variance escalated; cost center 118 "
"INV-689397"," AstraSupply "," Logistics","2024-03-28 ","Approved "," $2,983.32 ","match to PO required; cost center 104"
"INV-650301","Helios-Robotics","Logistics ","2024-04-17 ","Approved"," $4,678.90 "," three-way match complete; cost center 104"
"INV-398518"," Zenith Comp.","Cloud"," 2024-01-27 "," Approved"," $2,983.49 ","price variance escalated; cost center 118 "
"INV-112165","Zenith-Components","Hardware","2024-09-28 ","Approved","USD 5,173.89","three-way match complete; cost center 102 "
"INV-160310"," Novapackaging "," Cloud"," 2024-04-08"," On Hold","USD 2, 062.28 "," three-way match complete; cost center 109 "
"INV-881430","NovaPack","Logistics "," 2024-05-11","Approved "," USD 7,591.52"," match to PO required; cost center 118 "
"INV-211998"," HELIOS ROBOTICS"," Cloud"," 2024-05-10","Pending"," $7,476.75 "," three-way match complete; cost center 105 "
"INV-397840"," Astra Spp","Cloud "," 2024-08-04","Approved "," $2,325.32","pending shipping confirmation; cost center 101"
"INV-285232","NovaPack"," Software ","2024-05-13"," Approved "," $4,808.49"," vendor submitted via portal; cost center 102"
"INV-245661"," Helios-Robotics "," Logistics","2024-07-25 ","Approved ","$8,551.43","pending shipping confirmation; cost center 106"
"INV-191495","Astra Supplies ","Logistics"," 2024-08-09 ","Pending"," USD 7,863.59"," requires VAT documentation; cost center 110"
"INV-340465"," Vertex-Logistics"," Facility","2024-02-13 ","Approved"," USD 2,064.92","match to PO required; cost center 119"
"INV-146909","Astra-Supplies","Hardware "," 2024-09-15"," Approved","USD 3, 780.54 "," vendor submitted via portal; cost center 113"
"INV-960434","NovaPack","Software"," 2024-05-18 ","On Hold ","$7,564.82 "," pending shipping confirmation; cost center 105"
"INV-139329","NovaPack"," Professional Services ","2024-09-22 ","Rejected "," $3,631.78","requires VAT documentation; cost center 106 "
"INV-691048"," Zenith-Components "," Software "," 2024-01-27 "," Approved","$8,830.74","pending shipping confirmation; cost center 101 "
"INV-542191"," Zenith-Components"," Logistics","2024-01-19 "," Pending ","$1,170.43 "," vendor submitted via portal; cost center 110"
"INV-658649","Lumen Analytix","Software"," 2024-06-16","Approved "," $3,180.50 ","price variance escalated; cost center 114"
"INV-562398"," Astra-Supplies "," Cloud"," 2024-04-23 "," On Hold","$9,909.97","pending shipping confirmation; cost center 100 "
"INV-903598","Nova-Packaging "," Professional Services "," 2024-05-20"," Approved ","USD 8, 502.07 "," three-way match complete; cost center 118"
"INV-247564","LumenAnalytics "," Software"," 2024-08-26 "," Approved ","$5,758.49","price variance escalated; cost center 119 "
"INV-744576"," Astra Supplies"," Software"," 2024-09-17","Approved ","$7,262.04"," pending shipping confirmation; cost center 104"
"INV-112790","Lumen Analytics","Software ","2024-09-18 "," On Hold","$9,504.78"," pending shipping confirmation; cost center 118"
"INV-978127","Zenith Component","Hardware"," 2024-02-24","Approved","$6,934.43 "," three-way match complete; cost center 110"
"INV-776877","Novapackaging"," Hardware","2024-03-09","Pending","$524.47 "," price variance escalated; cost center 101 "
"INV-398314"," Helios Robotics","Professional Services"," 2024-04-02"," Approved "," USD 856.55 ","vendor submitted via portal; cost center 103 "
"INV-398314","HELIOS ROBOTICS ","Professional Services ","2024-04-02","Approved","USD 856.55 "," duplicate submit; consolidate in close process "
"INV-594979","Vertex-Logistics","Logistics","2024-09-04"," Approved","$931.43 "," pending shipping confirmation; cost center 100"
"INV-704318","Zenith Comp.","Cloud "," 2024-03-23 "," Approved "," USD 6,049.04","requires VAT documentation; cost center 106 "
"INV-553446"," Zenith Components"," Software ","2024-01-19","Approved","$6,573.01","pending shipping confirmation; cost center 110"
"INV-221973","Vertex-Logistics"," Hardware","2024-01-06 "," Approved "," USD 3, 333.03 ","three-way match complete; cost center 105 "
"INV-504478"," Nova Packg. ","Software ","2024-01-06","Approved"," $1,550.54 "," price variance escalated; cost center 102 "
"INV-632204","Astra Supplies"," Professional Services","2024-03-29"," Approved","USD 8, 575.82","price variance escalated; cost center 102"
"INV-215439"," Astra Spp","Cloud "," 2024-07-19"," Approved","USD 7, 264.75"," price variance escalated; cost center 109 "
"INV-667676","Nova Packg.","Logistics"," 2024-06-21","Approved "," $7,319.04 ","requires VAT documentation; cost center 115"
"INV-932249","Helios Robotix"," Facility","2024-01-10 ","Approved "," $8,910.51 "," requires VAT documentation; cost center 117 "
"INV-485748"," Nova Packaging ","Logistics "," 2024-02-08","Rejected "," $8,468.46 ","match to PO required; cost center 100 "
"INV-830026"," Zenith Components "," Software "," 2024-07-30 ","Approved"," $2,118.50"," match to PO required; cost center 116"
"INV-820679"," HELIOS ROBOTICS","Hardware"," 2024-08-26 ","Approved"," $5,867.97"," match to PO required; cost center 104"
"INV-497988"," Zenith-Components"," Hardware"," 2024-03-16"," Approved ","USD 5,197.25 ","three-way match complete; cost center 111"
"INV-332283"," Lumen Analytix"," Hardware ","2024-04-26 ","Pending"," $4,785.43","vendor submitted via portal; cost center 111"
"INV-713404","LumenAnalytics"," Software","2024-02-01 ","Approved ","$1,285.83"," three-way match complete; cost center 102 "
"INV-589074"," Zenith Component "," Hardware ","2024-01-20"," Pending","USD 5, 052.09","three-way match complete; cost center 116 "
"INV-955462","NovaPack ","Software ","2024-09-03"," Approved"," $8,752.22 ","price variance escalated; cost center 116"
"INV-453035","Astra-Supplies ","Cloud ","2024-06-01 ","Approved ","USD 7, 352.91 "," three-way match complete; cost center 107 "
"INV-511663"," Lumen Analytics "," Professional Services ","2024-08-09"," Approved"," $2,099.13","requires VAT documentation; cost center 106 "
"INV-348912"," Zenith Component ","Facility ","2024-08-06"," Approved ","$1,291.53","match to PO required; cost center 119 "
"INV-493715","Vertex Logistics","Logistics ","2024-03-18 "," Approved ","USD 7, 259.59"," three-way match complete; cost center 104"
"INV-764983"," Novapackaging "," Hardware","2024-06-12 ","Approved ","USD 2, 159.37 "," three-way match complete; cost center 117 "
"INV-585089","Nova Packaging"," Cloud "," 2024-03-31 ","Approved","$9,455.02"," requires VAT documentation; cost center 106 "
"INV-189871","HeliosRobotics","Facility"," 2024-05-29"," On Hold"," $7,396.47 ","requires VAT documentation; cost center 119 "
"INV-566868"," Helios Robotix "," Professional Services"," 2024-03-20"," Approved"," $7,115.96","three-way match complete; cost center 117"
"INV-441787","Vertex Log. ","Professional Services","2024-06-15","Approved"," $4,277.37 "," vendor submitted via portal; cost center 103 "
"INV-738781"," Zenith-Components"," Hardware","2024-07-22 "," On Hold","USD 6, 227.95 ","requires VAT documentation; cost center 107"
"INV-599104"," Nova Packaging"," Professional Services","2024-09-07"," Approved"," USD 4, 303.37 ","pending shipping confirmation; cost center 106"
"INV-361352","Helios Robotics ","Cloud "," 2024-08-04 "," Approved ","USD 8, 174.76"," price variance escalated; cost center 117 "
"INV-300737","Lumen-Analytics"," Facility ","2024-07-04 "," Pending ","$3,262.75 ","requires VAT documentation; cost center 114"
"INV-138876","Lumen Analytix "," Facility","2024-07-18 ","Approved ","$1,463.77 "," vendor submitted via portal; cost center 109 "
"INV-892264","HELIOS ROBOTICS "," Facility","2024-07-07"," Rejected "," USD 3, 086.67"," match to PO required; cost center 111 "
"INV-409758"," Vertex Log."," Professional Services"," 2024-02-16"," Pending "," USD 2, 469.37"," three-way match complete; cost center 107"
"INV-255966"," Helios Robotics","Logistics "," 2024-09-20"," On Hold ","USD 6, 748.24 ","price variance escalated; cost center 111"
"INV-255966","Helios Robotics ","Logistics","2024-09-20"," On Hold","USD 6, 748.24 "," duplicate submit; consolidate in close process "
"INV-740306"," Vertex-Logistics ","Cloud "," 2024-01-03","Approved"," $932.91","requires VAT documentation; cost center 100 "
"INV-740306","Vtx Logistics"," Cloud"," 2024-01-03","Approved"," $932.91 ","duplicate submit; consolidate in close process"
"INV-729029","Lumen Analytix ","Professional Services ","2024-09-06 ","Approved ","$3,330.63 ","three-way match complete; cost center 102"
"INV-997964","Vertex Log.","Software "," 2024-05-08","Pending","USD 6,041.83 ","price variance escalated; cost center 113"
"INV-260173"," LumenAnalytics ","Software "," 2024-01-27 ","On Hold "," $760.80","three-way match complete; cost center 109 "
"INV-114657","NovaPack","Hardware","2024-05-22","Approved","$4,126.01","three-way match complete; cost center 111 "
"INV-561421","AstraSupply","Logistics "," 2024-09-01"," Approved","USD 7, 008.43"," vendor submitted via portal; cost center 104"
"INV-584990","LumenAnalytic"," Software ","2024-01-09","Approved","$3,560.01","price variance escalated; cost center 110 "
"INV-683055","Novapackaging "," Cloud"," 2024-08-07 "," Approved","$4,414.09 "," vendor submitted via portal; cost center 108"
"INV-138383","Lumen Analytics "," Cloud ","2024-05-21"," Approved ","$4,780.13 ","pending shipping confirmation; cost center 116"
"INV-309012"," Astra Spp","Software"," 2024-06-20 "," Approved ","USD 3, 637.01 ","pending shipping confirmation; cost center 106 "
"INV-914415"," Vertex Log. ","Professional Services","2024-07-31 ","Approved","USD 1, 747.05 ","three-way match complete; cost center 105"
"INV-720400","Astra suppl. "," Software ","2024-03-04 "," Rejected","$4,814.28 ","requires VAT documentation; cost center 111"
"INV-701465","HELIOS ROBOTICS","Facility"," 2024-04-26 ","Approved ","USD 8, 874.72"," pending shipping confirmation; cost center 111"
"INV-347437","Vertex Logistics ","Logistics "," 2024-03-24"," Rejected "," $9,452.34","vendor submitted via portal; cost center 118"
"INV-347437","VertexLogistics","Logistics"," 2024-03-24 ","Rejected","$9,452.34","duplicate submit; consolidate in close process "
"INV-985105"," Zenith Components"," Hardware "," 2024-04-15 "," Approved"," $4,233.81 ","price variance escalated; cost center 117 "
"INV-221380","Lumen Analytix "," Hardware","2024-01-18 "," Pending"," $1,458.37","requires VAT documentation; cost center 106"
"INV-141834","ZenithComponents"," Logistics ","2024-08-25"," Rejected","$5,757.03"," three-way match complete; cost center 115 "
"INV-217522","Zenith Comp."," Software"," 2024-01-14 ","Approved"," USD 5, 560.34 ","requires VAT documentation; cost center 118"
"INV-217522"," Zenith Comp."," Software "," 2024-01-14","Approved ","USD 5, 560.34 "," duplicate submit; consolidate in close process"
"INV-288745","Lumen Analytix "," Hardware"," 2024-04-22"," On Hold","$4,930.63 ","pending shipping confirmation; cost center 113 "
"INV-288745"," Lumen-Analytics"," Hardware","2024-04-22","On Hold"," $4,930.63 ","duplicate submit; consolidate in close process"
"INV-124373","Astra-Supplies "," Facility "," 2024-07-07 ","On Hold ","$7,302.20"," pending shipping confirmation; cost center 107 "
"INV-260220","Astra Supplies","Facility ","2024-02-10 "," Approved "," USD 3, 781.36"," three-way match complete; cost center 106"
"INV-902880","Nova Packg."," Professional Services","2024-09-01","Pending"," $3,768.10"," requires VAT documentation; cost center 109"
"INV-843667"," Astra Supplies "," Software "," 2024-04-03"," Approved"," $6,546.07 "," price variance escalated; cost center 109"
"INV-671919"," Zenith Component","Facility"," 2024-01-17 "," Pending "," $9,500.34 ","match to PO required; cost center 111"
"INV-842527","AstraSupply"," Professional Services "," 2024-02-26 ","Approved "," $2,138.57","pending shipping confirmation; cost center 119 "
"INV-195112"," Zenith-Components","Professional Services"," 2024-01-15"," Approved","USD 577.68"," vendor submitted via portal; cost center 100 "
"INV-615554","HELIOS ROBOTICS ","Facility ","2024-01-13 ","Rejected "," $7,854.01 ","three-way match complete; cost center 104 "
"INV-408577","Helios Robotix "," Software ","2024-02-20"," Approved"," $4,424.77 ","price variance escalated; cost center 113"
"INV-957994"," Astra Spp ","Software"," 2024-09-27 ","Approved"," USD 7, 607.20","three-way match complete; cost center 116"
"INV-514425"," Astra Supplies "," Facility"," 2024-08-29 "," Approved"," $1,879.00 ","requires VAT documentation; cost center 106"
"INV-316519"," Nova Packaging"," Logistics "," 2024-07-10 "," On Hold","$3,530.57 ","pending shipping confirmation; cost center 102"
"INV-455568","Lumen Analytix "," Software "," 2024-04-28","Approved "," $5,507.15"," vendor submitted via portal; cost center 112 "
"INV-789665","Nova Packaging","Professional Services "," 2024-05-07 ","Pending"," $3,800.72"," three-way match complete; cost center 118"
"INV-789665","Novapackaging"," Professional Services ","2024-05-07","Pending "," $3,800.72 "," duplicate submit; consolidate in close process"
"INV-247851"," LumenAnalytic ","Professional Services ","2024-05-25 ","On Hold"," $4,536.94"," requires VAT documentation; cost center 119 "
"INV-482001","Lumen-Analytics","Hardware ","2024-01-05"," Rejected"," USD 9, 481.47"," vendor submitted via portal; cost center 103"
"INV-259046","Novapackaging","Logistics"," 2024-06-01 "," Approved"," $1,087.77 ","match to PO required; cost center 100"
"INV-331204"," HELIOS ROBOTICS"," Facility ","2024-07-06 "," Approved ","USD 9, 651.38 ","vendor submitted via portal; cost center 115"
"INV-273234"," Helios Robotics ","Professional Services"," 2024-04-16 "," Pending "," $2,220.33","price variance escalated; cost center 111"
"INV-691948","Vertex-Logistics"," Logistics ","2024-02-05","On Hold"," USD 5, 715.57"," pending shipping confirmation; cost center 104"
"INV-262067"," Zenith-Components "," Software","2024-03-03","On Hold"," USD 8,824.12 "," three-way match complete; cost center 100"
"INV-340800"," LumenAnalytics","Logistics"," 2024-04-13 ","Approved "," USD 7,454.10"," match to PO required; cost center 119 "
"INV-369265"," Vtx Logistics"," Software"," 2024-09-02"," Approved "," $7,543.25 ","three-way match complete; cost center 119 "
"INV-384598","Astra suppl. ","Hardware "," 2024-03-18","Approved"," $700.83"," price variance escalated; cost center 101"
"INV-609511"," Lumen Analytics"," Facility","2024-09-08 ","Approved"," $5,371.64"," match to PO required; cost center 103 "
"INV-414458","Lumen-Analytics ","Facility","2024-01-19","Approved","$6,188.44 ","match to PO required; cost center 105"
"INV-113080","NovaPack ","Cloud "," 2024-08-09","On Hold"," USD 4, 537.59","three-way match complete; cost center 111 "
"INV-422142"," Vertex Log.","Hardware","2024-03-20"," On Hold","$4,304.09 ","vendor submitted via portal; cost center 110 "
"INV-493750","VertexLogistics ","Software"," 2024-05-14","On Hold ","$2,664.91","requires VAT documentation; cost center 100"
"INV-493750"," Vertex-Logistics"," Software ","2024-05-14 ","On Hold","$2,664.91 ","duplicate submit; consolidate in close process"
"INV-779076"," NovaPack","Cloud ","2024-08-29 ","Pending "," USD 8, 719.64"," match to PO required; cost center 117"
"INV-730648","Lumen Analytics "," Logistics ","2024-04-19 "," Approved ","$3,852.59 "," pending shipping confirmation; cost center 112"
"INV-782780"," LumenAnalytic ","Professional Services","2024-05-15 ","Approved","USD 2,974.98"," requires VAT documentation; cost center 113"
"INV-782780","Lumen Analytics "," Professional Services","2024-05-15 ","Approved ","USD 2,974.98 "," duplicate submit; consolidate in close process "
"INV-185467"," ZenithComponents"," Professional Services "," 2024-04-28"," Approved","USD 4, 675.01 "," match to PO required; cost center 111 "
"INV-566614"," Vertex Log."," Logistics ","2024-01-20 ","Pending","$5,178.39 ","match to PO required; cost center 107"
"INV-566614","Vertex Log. ","Logistics","2024-01-20 ","Pending","$5,178.39 ","duplicate submit; consolidate in close process"
"INV-596406","Nova-Packaging "," Logistics ","2024-01-02"," On Hold","$8,491.77"," requires VAT documentation; cost center 108 "
"INV-596406"," NovaPack","Logistics "," 2024-01-02 "," On Hold ","$8,491.77","duplicate submit; consolidate in close process"
"INV-282067"," Zenith Comp."," Professional Services","2024-05-10 "," Pending","USD 8, 099.74","requires VAT documentation; cost center 109 "
"INV-420250","Zenith-Components"," Professional Services","2024-05-18"," Approved","USD 3,010.35 "," vendor submitted via portal; cost center 105"
"INV-623328"," HeliosRobotics "," Hardware","2024-09-03"," Approved"," $5,294.43 "," pending shipping confirmation; cost center 114"
"INV-317913","Zenith Component "," Logistics"," 2024-03-28","On Hold ","$2,449.59 "," vendor submitted via portal; cost center 101 "
"INV-883906","NovaPack","Cloud","2024-01-30","Approved "," $7,495.91"," three-way match complete; cost center 107 "
"INV-101714"," NovaPack"," Cloud "," 2024-03-06","Approved "," $647.49 ","requires VAT documentation; cost center 102"
"INV-635735"," Astra Spp ","Logistics"," 2024-04-27"," Approved ","$2,229.83 "," price variance escalated; cost center 102 "
"INV-355535","Astra Spp ","Facility ","2024-05-30","Approved"," $4,911.02","match to PO required; cost center 113"
"INV-320542"," AstraSupply"," Cloud ","2024-07-16"," Pending"," $3,823.24 ","requires VAT documentation; cost center 102 "
"INV-320542"," Astra Supplies","Cloud","2024-07-16"," Pending ","$3,823.24","duplicate submit; consolidate in close process"
"INV-296688","Zenith Comp. ","Software","2024-06-21","Approved","USD 7,251.37","requires VAT documentation; cost center 115 "
"INV-868870","Astra Supplies "," Software ","2024-02-09 ","Rejected "," USD 8, 511.21"," vendor submitted via portal; cost center 104"
"INV-649246","Helios-Robotics "," Professional Services"," 2024-06-12","On Hold ","USD 9, 015.10 ","vendor submitted via portal; cost center 109 "
"INV-244202"," Helios-Robotics ","Hardware "," 2024-07-22 "," Approved ","$4,036.95"," match to PO required; cost center 104 "
"INV-537223","Vertex Logistics","Software "," 2024-03-08 "," Approved "," USD 8, 320.49 ","match to PO required; cost center 102 "
"INV-592061"," HELIOS ROBOTICS ","Facility "," 2024-07-29 "," Rejected"," USD 9,201.63","pending shipping confirmation; cost center 113"
"INV-592061","Helios Robotics","Facility "," 2024-07-29 ","Rejected "," USD 9,201.63","duplicate submit; consolidate in close process"
"INV-199770"," Lumen-Analytics "," Cloud","2024-03-15","Approved ","$4,720.59","price variance escalated; cost center 103 "
"INV-772562","Astra Supplies ","Cloud","2024-03-20"," On Hold "," $8,616.89","price variance escalated; cost center 102 "
"INV-141729"," Lumen Analytix ","Cloud "," 2024-01-05"," Approved "," $6,595.58","three-way match complete; cost center 110"
"INV-881444"," Astra-Supplies","Cloud "," 2024-06-12 "," Pending"," $9,207.76 "," vendor submitted via portal; cost center 118"
"INV-452466","Novapackaging"," Logistics ","2024-04-17 ","On Hold ","USD 5, 714.02","price variance escalated; cost center 115 "
"INV-627568","ZenithComponents "," Software "," 2024-09-18"," Approved"," $1,624.48 ","vendor submitted via portal; cost center 110"
"INV-811608"," AstraSupply","Hardware","2024-03-22 ","Approved"," USD 8,476.54"," vendor submitted via portal; cost center 105 "
"INV-320081"," Lumen Analytix "," Hardware","2024-07-06"," On Hold"," $5,539.11","price variance escalated; cost center 110 "
"INV-361716","VertexLogistics ","Professional Services","2024-06-17","Approved ","USD 6, 175.68","price variance escalated; cost center 113"
"INV-152429"," Zenith Components ","Professional Services "," 2024-03-30 "," Pending","$8,837.49 "," vendor submitted via portal; cost center 101"
"INV-152429","Zenith Comp. "," Professional Services "," 2024-03-30","Pending","$8,837.49","duplicate submit; consolidate in close process "
"INV-536215"," Novapackaging ","Hardware ","2024-07-26"," Approved "," USD 3, 749.51 ","match to PO required; cost center 104"
"INV-309345"," HeliosRobotics"," Cloud","2024-02-15","Approved"," $6,055.69 ","pending shipping confirmation; cost center 101"
"INV-305601","Lumen Analytics ","Logistics","2024-07-23 ","Approved "," USD 1, 454.17 ","pending shipping confirmation; cost center 116 "
"INV-643322"," Helios Robotics ","Professional Services","2024-01-16 ","Approved "," USD 7, 379.23 ","requires VAT documentation; cost center 104 "
"INV-857552","Astra Supplies "," Facility"," 2024-08-04","Pending","$3,437.94"," pending shipping confirmation; cost center 106 "
"INV-977201","Nova-Packaging","Hardware","2024-05-09","Approved","$8,345.33 ","price variance escalated; cost center 115"
"INV-470558"," Zenith-Components"," Software ","2024-07-12","Pending ","$2,688.73","three-way match complete; cost center 116"
"INV-176780"," Zenith Comp."," Facility "," 2024-06-21 ","Approved ","USD 2, 988.73","price variance escalated; cost center 112"
"INV-183515","Vertex Log. "," Hardware "," 2024-01-07 ","Approved ","$9,150.57 ","price variance escalated; cost center 111 "
"INV-966097"," Helios-Robotics","Cloud","2024-08-14"," Approved","USD 7, 065.52 "," requires VAT documentation; cost center 109"
"INV-231822","VertexLogistics","Cloud","2024-04-28"," Approved ","USD 1,620.47 ","price variance escalated; cost center 101 "
"INV-462958"," Helios-Robotics "," Software"," 2024-05-02 ","Pending "," $821.38 ","requires VAT documentation; cost center 118"
"INV-951027"," Nova Packg."," Logistics","2024-05-13 ","Approved "," USD 4, 607.08 "," requires VAT documentation; cost center 107 "
"INV-828885"," Lumen-Analytics","Software "," 2024-04-22 "," On Hold"," $3,345.66","vendor submitted via portal; cost center 103 "
"INV-110290"," Helios Robotix "," Software "," 2024-08-26 "," Pending","USD 8,682.18 "," vendor submitted via portal; cost center 106"
"INV-423953"," Vertex Log."," Cloud","2024-02-01 ","Approved "," $2,527.79 "," match to PO required; cost center 115"
"INV-111850","Astra suppl."," Professional Services "," 2024-07-02 "," Rejected ","USD 4,361.46 ","vendor submitted via portal; cost center 101"
"INV-668903"," Helios-Robotics"," Logistics"," 2024-06-28 "," On Hold "," USD 8,910.56 ","pending shipping confirmation; cost center 111 "
"INV-645547","NovaPack"," Software "," 2024-09-19"," Approved "," $6,153.09 "," match to PO required; cost center 109 "
"INV-776739"," Zenith Comp. "," Cloud"," 2024-06-11 ","On Hold"," $981.15 "," match to PO required; cost center 112"
"INV-570221"," Helios Robotix","Hardware "," 2024-01-20"," Approved","$3,184.77 "," match to PO required; cost center 114"
"INV-611742","Lumen-Analytics","Professional Services"," 2024-01-15","On Hold "," USD 6, 915.86"," requires VAT documentation; cost center 118"
"INV-385227"," LumenAnalytics"," Professional Services ","2024-03-24 "," Approved","$1,428.91 ","three-way match complete; cost center 110"
"INV-559157","Lumen-Analytics ","Professional Services","2024-09-07 "," Approved"," $6,513.19 ","requires VAT documentation; cost center 110"
"INV-559157","Lumen Analytics ","Professional Services "," 2024-09-07","Approved ","$6,513.19 "," duplicate submit; consolidate in close process "
"INV-277353","LumenAnalytics","Cloud "," 2024-05-09 "," On Hold ","$1,487.96 "," pending shipping confirmation; cost center 102 "
"INV-376810","ZenithComponents","Software ","2024-07-02","Pending"," $9,008.10","three-way match complete; cost center 116"
"INV-999410"," Astra Spp"," Logistics "," 2024-09-21 ","Approved "," USD 4, 399.80"," price variance escalated; cost center 104 "
"INV-689294"," Helios Robotics"," Software"," 2024-08-25 "," Approved "," USD 852.69 "," price variance escalated; cost center 117"
"INV-538820"," Zenith Component ","Professional Services ","2024-06-09"," Approved "," $6,439.16","match to PO required; cost center 114 "
"INV-368519","Vtx Logistics","Software ","2024-06-11"," Approved","USD 8, 772.39"," price variance escalated; cost center 107 "
"INV-813957"," Zenith Comp.","Software "," 2024-05-21 ","Pending","$7,683.05","pending shipping confirmation; cost center 108"
"INV-694737"," Helios Robotix "," Facility","2024-04-23","Approved ","$1,598.88","vendor submitted via portal; cost center 107 "
"INV-848754"," LumenAnalytic "," Software"," 2024-09-05 "," Pending "," $8,807.83 "," requires VAT documentation; cost center 101 "
"INV-808588","LumenAnalytic "," Hardware ","2024-01-20"," On Hold","USD 6,437.89 ","pending shipping confirmation; cost center 103 "
"INV-293798"," Lumen Analytics"," Facility "," 2024-08-05"," Approved ","USD 2,505.68","pending shipping confirmation; cost center 112 "
"INV-424827"," Zenith Comp."," Logistics "," 2024-04-10"," Approved","USD 4,792.72"," price variance escalated; cost center 106 "
"INV-317421","Vertex Log."," Professional Services","2024-03-14"," Approved"," $3,951.29","match to PO required; cost center 115 "
"INV-634174","Astra Supplies ","Facility"," 2024-03-06","Approved "," $1,908.46","pending shipping confirmation; cost center 118"
"INV-289864","Zenith Components","Hardware "," 2024-01-13","Approved ","$4,974.50 ","three-way match complete; cost center 109"
"INV-289864","Zenith Component","Hardware ","2024-01-13 ","Approved","$4,974.50","duplicate submit; consolidate in close process"
"INV-930068","ZenithComponents","Cloud","2024-02-04 "," Approved","$2,003.96","vendor submitted via portal; cost center 119"
"INV-823563","AstraSupply","Hardware "," 2024-08-07","Approved "," USD 7, 366.67 ","match to PO required; cost center 108 "
"INV-283147","ZenithComponents"," Hardware","2024-02-16"," Approved","$6,744.31 ","requires VAT documentation; cost center 116"
"INV-283147","Zenith-Components ","Hardware","2024-02-16 "," Approved","$6,744.31 "," duplicate submit; consolidate in close process "
"INV-571010","Astra-Supplies","Logistics"," 2024-02-29 "," Rejected"," USD 3, 085.86 ","vendor submitted via portal; cost center 113 "